Names	adjusted_mutual_info_score	adjusted_rand_score	completeness_score	contingency_matrix	fowlkes_mallows_score	homogeneity_score	v_measure_score	accuracy	precision	recall	f1score	calinski_harabasz_score	davies_bouldin_score	silhouette_score
Our PCA	0.7492119501188185	0.8497606102052635	0.7522504371393918	"[[225  16]
 [ 11 447]]"	0.9323710977563407	0.7467542315053354	0.7494922582108597	0.9613733905579399	[0.9533898305084746, 0.9654427645788337]	[0.9336099585062241, 0.9759825327510917]	[0.9433962264150942, 0.970684039087948]	1858.261060902617	0.5525779861098433	0.6825778443348124
SK_PCA	0.7492119501188185	0.8497606102052635	0.7522504371393918	"[[225  16]
 [ 11 447]]"	0.9323710977563407	0.7467542315053354	0.7494922582108597	0.9613733905579399	[0.9533898305084746, 0.9654427645788337]	[0.9336099585062241, 0.9759825327510917]	[0.9433962264150942, 0.970684039087948]	1858.261060902621	0.5525779861098428	0.6825778443175315
SK_IPCA	0.7492119501188185	0.8497606102052635	0.7522504371393918	"[[225  16]
 [ 11 447]]"	0.9323710977563407	0.7467542315053354	0.7494922582108597	0.9613733905579399	[0.9533898305084746, 0.9654427645788337]	[0.9336099585062241, 0.9759825327510917]	[0.9433962264150942, 0.970684039087948]	1887.5364320096871	0.5427862622814021	0.6898292683718857
