model	accuracy	time	storage	accuracy/time
5-equal-majority_class-chebyshev-enn	0.9676853480000001	1.304159641	98.163822868	0.741999152234155
5-equal-majority_class-chebyshev-full	0.9660952320000001	1.333541249	100.0	0.724458454303126
