model	accuracy	time	accuracy/time
5'-equal'-majority_class'-chebyshev'-enn	0.9676853480000001	2.0773640159999998	0.4658236787326734
