metrics	av_accuracy	av_time	accuracy	time
['1' 'relief' 'majority_class' 'minkowski']	0.9255242026688835	0.7502698183059693	"[0.936      0.92063492 0.91777188 0.92838196 0.91269841 0.91798942
 0.92328042 0.92328042 0.92307692 0.95212766]"	"[0.75721693 0.7508688  0.74844766 0.74429297 0.74992061 0.74676943
 0.74595356 0.74604821 0.74871492 0.76446509]"
